[
  {
    "id": 1,
    "common_name": "Argentina",
    "official_name": "Argentine Republic",
    "capital": "Buenos Aires",
    "latitude": -34.6037,
    "longitude": -58.3816,
    "region": "South America",
    "population": 45376763,
    "official_language": "Spanish",
    "time_zone": "UTC-3",
    "flag": "https://flagcdn.com/w320/ar.png"
  },
  {
    "id": 2,
    "common_name": "Australia",
    "official_name": "Commonwealth of Australia",
    "capital": "Canberra",
    "latitude": -35.2809,
    "longitude": 149.1300,
    "region": "Oceania",
    "population": 25788217,
    "official_language": "English",
    "time_zone": "UTC+10",
    "flag": "https://flagcdn.com/w320/au.png"
  },
  {
    "id": 3,
    "common_name": "Brazil",
    "official_name": "Federative Republic of Brazil",
    "capital": "Brasília",
    "latitude": -15.7801,
    "longitude": -47.9292,
    "region": "South America",
    "population": 211049527,
    "official_language": "Portuguese",
    "time_zone": "UTC-3",
    "flag": "https://flagcdn.com/w320/br.png"
  },
  {
    "id": 4,
    "common_name": "Canada",
    "official_name": "Canada",
    "capital": "Ottawa",
    "latitude": 45.4215,
    "longitude": -75.6972,
    "region": "North America",
    "population": 37664517,
    "official_language": "English, French",
    "time_zone": "UTC-5",
    "flag": "https://flagcdn.com/w320/ca.png"
  },
  {
    "id": 5,
    "common_name": "France",
    "official_name": "French Republic",
    "capital": "Paris",
    "latitude": 48.8566,
    "longitude": 2.3522,
    "region": "Europe",
    "population": 67291000,
    "official_language": "French",
    "time_zone": "UTC+1",
    "flag": "https://flagcdn.com/w320/fr.png"
  },
  {
    "id": 6,
    "common_name": "Germany",
    "official_name": "Federal Republic of Germany",
    "capital": "Berlin",
    "latitude": 52.52,
    "longitude": 13.405,
    "region": "Europe",
    "population": 83149300,
    "official_language": "German",
    "time_zone": "UTC+1",
    "flag": "https://flagcdn.com/w320/de.png"
  },
  {
    "id": 7,
    "common_name": "India",
    "official_name": "Republic of India",
    "capital": "New Delhi",
    "latitude": 28.6139,
    "longitude": 77.2090,
    "region": "Asia",
    "population": 1380004385,
    "official_language": "Hindi, English",
    "time_zone": "UTC+5:30",
    "flag": "https://flagcdn.com/w320/in.png"
  },
  {
    "id": 8,
    "common_name": "Italy",
    "official_name": "Italian Republic",
    "capital": "Rome",
    "latitude": 41.9028,
    "longitude": 12.4964,
    "region": "Europe",
    "population": 60240000,
    "official_language": "Italian",
    "time_zone": "UTC+1",
    "flag": "https://flagcdn.com/w320/it.png"
  },
  {
    "id": 9,
    "common_name": "Japan",
    "official_name": "Japan",
    "capital": "Tokyo",
    "latitude": 35.6762,
    "longitude": 139.6503,
    "region": "Asia",
    "population": 126476461,
    "official_language": "Japanese",
    "time_zone": "UTC+9",
    "flag": "https://flagcdn.com/w320/jp.png"
  },
  {
    "id": 10,
    "common_name": "Mexico",
    "official_name": "United Mexican States",
    "capital": "Mexico City",
    "latitude": 19.4326,
    "longitude": -99.1332,
    "region": "North America",
    "population": 128933000,
    "official_language": "Spanish",
    "time_zone": "UTC-6",
    "flag": "https://flagcdn.com/w320/mx.png"
  },
  {
    "id": 11,
    "common_name": "Russia",
    "official_name": "Russian Federation",
    "capital": "Moscow",
    "latitude": 55.7558,
    "longitude": 37.6173,
    "region": "Europe/Asia",
    "population": 145912025,
    "official_language": "Russian",
    "time_zone": "UTC+3",
    "flag": "https://flagcdn.com/w320/ru.png"
  },
  {
    "id": 12,
    "common_name": "South Africa",
    "official_name": "Republic of South Africa",
    "capital": "Pretoria",
    "latitude": -25.7460,
    "longitude": 28.1876,
    "region": "Africa",
    "population": 59308690,
    "official_language": "Afrikaans, English",
    "time_zone": "UTC+2",
    "flag": "https://flagcdn.com/w320/za.png"
  },
  {
    "id": 13,
    "common_name": "United Kingdom",
    "official_name": "United Kingdom of Great Britain and Northern Ireland",
    "capital": "London",
    "latitude": 51.5074,
    "longitude": -0.1278,
    "region": "Europe",
    "population": 67886011,
    "official_language": "English",
    "time_zone": "UTC+0",
    "flag": "https://flagcdn.com/w320/gb.png"
  },
  {
    "id": 14,
    "common_name": "United States",
    "official_name": "United States of America",
    "capital": "Washington, D.C.",
    "latitude": 38.9072,
    "longitude": -77.0369,
    "region": "North America",
    "population": 331002651,
    "official_language": "English",
    "time_zone": "UTC-5",
    "flag": "https://flagcdn.com/w320/us.png"
  },
  {
    "id": 15,
    "common_name": "China",
    "official_name": "People's Republic of China",
    "capital": "Beijing",
    "latitude": 39.9042,
    "longitude": 116.4074,
    "region": "Asia",
    "population": 1393409038,
    "official_language": "Mandarin",
    "time_zone": "UTC+8",
    "flag": "https://flagcdn.com/w320/cn.png"
  },
  {
    "id": 16,
    "common_name": "Egypt",
    "official_name": "Arab Republic of Egypt",
    "capital": "Cairo",
    "latitude": 30.0444,
    "longitude": 31.2357,
    "region": "Africa",
    "population": 102334404,
    "official_language": "Arabic",
    "time_zone": "UTC+2",
    "flag": "https://flagcdn.com/w320/eg.png"
  },
  {
    "id": 17,
    "common_name": "Spain",
    "official_name": "Kingdom of Spain",
    "capital": "Madrid",
    "latitude": 40.4168,
    "longitude": -3.7038,
    "region": "Europe",
    "population": 47351567,
    "official_language": "Spanish",
    "time_zone": "UTC+1",
    "flag": "https://flagcdn.com/w320/es.png"
  },
  {
    "id": 18,
    "common_name": "Turkey",
    "official_name": "Republic of Turkey",
    "capital": "Ankara",
    "latitude": 39.9334,
    "longitude": 32.8597,
    "region": "Asia/Europe",
    "population": 84339067,
    "official_language": "Turkish",
    "time_zone": "UTC+3",
    "flag": "https://flagcdn.com/w320/tr.png"
  },
  {
    "id": 19,
    "common_name": "Saudi Arabia",
    "official_name": "Kingdom of Saudi Arabia",
    "capital": "Riyadh",
    "latitude": 24.7136,
    "longitude": 46.6753,
    "region": "Asia",
    "population": 34813871,
    "official_language": "Arabic",
    "time_zone": "UTC+3",
    "flag": "https://flagcdn.com/w320/sa.png"
  },
  {
    "id": 20,
    "common_name": "South Korea",
    "official_name": "Republic of Korea",
    "capital": "Seoul",
    "latitude": 37.5665,
    "longitude": 126.978,
    "region": "Asia",
    "population": 51780579,
    "official_language": "Korean",
    "time_zone": "UTC+9",
    "flag": "https://flagcdn.com/w320/kr.png"
  },
  {
    "id": 21,
    "common_name": "Indonesia",
    "official_name": "Republic of Indonesia",
    "capital": "Jakarta",
    "latitude": -6.2088,
    "longitude": 106.8456,
    "region": "Asia",
    "population": 273523615,
    "official_language": "Indonesian",
    "time_zone": "UTC+7",
    "flag": "https://flagcdn.com/w320/id.png"
  },
  {
    "id": 22,
    "common_name": "Pakistan",
    "official_name": "Islamic Republic of Pakistan",
    "capital": "Islamabad",
    "latitude": 33.6844,
    "longitude": 73.0479,
    "region": "Asia",
    "population": 220892340,
    "official_language": "Urdu",
    "time_zone": "UTC+5",
    "flag": "https://flagcdn.com/w320/pk.png"
  },
  {
    "id": 23,
    "common_name": "Bangladesh",
    "official_name": "People's Republic of Bangladesh",
    "capital": "Dhaka",
    "latitude": 23.8103,
    "longitude": 90.4125,
    "region": "Asia",
    "population": 161376708,
    "official_language": "Bengali",
    "time_zone": "UTC+6",
    "flag": "https://flagcdn.com/w320/bd.png"
  },
  {
    "id": 24,
    "common_name": "Nigeria",
    "official_name": "Federal Republic of Nigeria",
    "capital": "Abuja",
    "latitude": 9.0765,
    "longitude": 7.3986,
    "region": "Africa",
    "population": 206139589,
    "official_language": "English",
    "time_zone": "UTC+1",
    "flag": "https://flagcdn.com/w320/ng.png"
  },
  {
    "id": 25,
    "common_name": "Vietnam",
    "official_name": "Socialist Republic of Vietnam",
    "capital": "Hanoi",
    "latitude": 21.0285,
    "longitude": 105.8542,
    "region": "Asia",
    "population": 97338579,
    "official_language": "Vietnamese",
    "time_zone": "UTC+7",
    "flag": "https://flagcdn.com/w320/vn.png"
  },
  {
    "id": 26,
    "common_name": "Thailand",
    "official_name": "Kingdom of Thailand",
    "capital": "Bangkok",
    "latitude": 13.7563,
    "longitude": 100.5018,
    "region": "Asia",
    "population": 69799978,
    "official_language": "Thai",
    "time_zone": "UTC+7",
    "flag": "https://flagcdn.com/w320/th.png"
  },
  {
    "id": 27,
    "common_name": "Iran",
    "official_name": "Islamic Republic of Iran",
    "capital": "Tehran",
    "latitude": 35.6892,
    "longitude": 51.389,
    "region": "Asia",
    "population": 83992949,
    "official_language": "Persian",
    "time_zone": "UTC+3:30",
    "flag": "https://flagcdn.com/w320/ir.png"
  },
  {
    "id": 28,
    "common_name": "Philippines",
    "official_name": "Republic of the Philippines",
    "capital": "Manila",
    "latitude": 14.5995,
    "longitude": 120.9842,
    "region": "Asia",
    "population": 109581078,
    "official_language": "Filipino, English",
    "time_zone": "UTC+8",
    "flag": "https://flagcdn.com/w320/ph.png"
  },
  {
    "id": 29,
    "common_name": "Argentina",
    "official_name": "Argentine Republic",
    "capital": "Buenos Aires",
    "latitude": -34.6037,
    "longitude": -58.3816,
    "region": "South America",
    "population": 45376763,
    "official_language": "Spanish",
    "time_zone": "UTC-3",
    "flag": "https://flagcdn.com/w320/ar.png"
  },
  {
    "id": 30,
    "common_name": "Poland",
    "official_name": "Republic of Poland",
    "capital": "Warsaw",
    "latitude": 52.2297,
    "longitude": 21.0122,
    "region": "Europe",
    "population": 38386000,
    "official_language": "Polish",
    "time_zone": "UTC+1",
    "flag": "https://flagcdn.com/w320/pl.png"
  },
  {
    "id": 31,
    "common_name": "Ukraine",
    "official_name": "Ukraine",
    "capital": "Kyiv",
    "latitude": 50.4501,
    "longitude": 30.5234,
    "region": "Europe",
    "population": 44134693,
    "official_language": "Ukrainian",
    "time_zone": "UTC+2",
    "flag": "https://flagcdn.com/w320/ua.png"
  },
  {
    "id": 32,
    "common_name": "Netherlands",
    "official_name": "Kingdom of the Netherlands",
    "capital": "Amsterdam",
    "latitude": 52.3676,
    "longitude": 4.9041,
    "region": "Europe",
    "population": 17441139,
    "official_language": "Dutch",
    "time_zone": "UTC+1",
    "flag": "https://flagcdn.com/w320/nl.png"
  },
  {
    "id": 33,
    "common_name": "Colombia",
    "official_name": "Republic of Colombia",
    "capital": "Bogotá",
    "latitude": 4.711,
    "longitude": -74.0721,
    "region": "South America",
    "population": 50882891,
    "official_language": "Spanish",
    "time_zone": "UTC-5",
    "flag": "https://flagcdn.com/w320/co.png"
  },
  {
    "id": 34,
    "common_name": "Malaysia",
    "official_name": "Malaysia",
    "capital": "Kuala Lumpur",
    "latitude": 3.139,
    "longitude": 101.6869,
    "region": "Asia",
    "population": 32365999,
    "official_language": "Malay",
    "time_zone": "UTC+8",
    "flag": "https://flagcdn.com/w320/my.png"
  },
  {
    "id": 35,
    "common_name": "Venezuela",
    "official_name": "Bolivarian Republic of Venezuela",
    "capital": "Caracas",
    "latitude": 10.4806,
    "longitude": -66.9036,
    "region": "South America",
    "population": 28435943,
    "official_language": "Spanish",
    "time_zone": "UTC-4",
    "flag": "https://flagcdn.com/w320/ve.png"
  },
  {
    "id": 36,
    "common_name": "Peru",
    "official_name": "Republic of Peru",
    "capital": "Lima",
    "latitude": -12.0464,
    "longitude": -77.0428,
    "region": "South America",
    "population": 32971854,
    "official_language": "Spanish",
    "time_zone": "UTC-5",
    "flag": "https://flagcdn.com/w320/pe.png"
  },
  {
    "id": 37,
    "common_name": "Greece",
    "official_name": "Hellenic Republic",
    "capital": "Athens",
    "latitude": 37.9838,
    "longitude": 23.7275,
    "region": "Europe",
    "population": 10724599,
    "official_language": "Greek",
    "time_zone": "UTC+2",
    "flag": "https://flagcdn.com/w320/gr.png"
  },
  {
    "id": 38,
    "common_name": "Iraq",
    "official_name": "Republic of Iraq",
    "capital": "Baghdad",
    "latitude": 33.3152,
    "longitude": 44.3661,
    "region": "Asia",
    "population": 40222503,
    "official_language": "Arabic, Kurdish",
    "time_zone": "UTC+3",
    "flag": "https://flagcdn.com/w320/iq.png"
  },
  {
    "id": 39,
    "common_name": "Sweden",
    "official_name": "Kingdom of Sweden",
    "capital": "Stockholm",
    "latitude": 59.3293,
    "longitude": 18.0686,
    "region": "Europe",
    "population": 10353442,
    "official_language": "Swedish",
    "time_zone": "UTC+1",
    "flag": "https://flagcdn.com/w320/se.png"
  },
  {
    "id": 40,
    "common_name": "Chile",
    "official_name": "Republic of Chile",
    "capital": "Santiago",
    "latitude": -33.4489,
    "longitude": -70.6693,
    "region": "South America",
    "population": 19116201,
    "official_language": "Spanish",
    "time_zone": "UTC-4",
    "flag": "https://flagcdn.com/w320/cl.png"
  },
  {
    "id": 41,
    "common_name": "Belgium",
    "official_name": "Kingdom of Belgium",
    "capital": "Brussels",
    "latitude": 50.8503,
    "longitude": 4.3517,
    "region": "Europe",
    "population": 11589623,
    "official_language": "Dutch, French, German",
    "time_zone": "UTC+1",
    "flag": "https://flagcdn.com/w320/be.png"
  },
  {
    "id": 42,
    "common_name": "Czech Republic",
    "official_name": "Czech Republic",
    "capital": "Prague",
    "latitude": 50.0755,
    "longitude": 14.4378,
    "region": "Europe",
    "population": 10708981,
    "official_language": "Czech",
    "time_zone": "UTC+1",
    "flag": "https://flagcdn.com/w320/cz.png"
  },
  {
    "id": 43,
    "common_name": "Finland",
    "official_name": "Republic of Finland",
    "capital": "Helsinki",
    "latitude": 60.1699,
    "longitude": 24.9384,
    "region": "Europe",
    "population": 5520314,
    "official_language": "Finnish, Swedish",
    "time_zone": "UTC+2",
    "flag": "https://flagcdn.com/w320/fi.png"
  },
  {
    "id": 44,
    "common_name": "Denmark",
    "official_name": "Kingdom of Denmark",
    "capital": "Copenhagen",
    "latitude": 55.6761,
    "longitude": 12.5683,
    "region": "Europe",
    "population": 5831404,
    "official_language": "Danish",
    "time_zone": "UTC+1",
    "flag": "https://flagcdn.com/w320/dk.png"
  },
  {
    "id": 45,
    "common_name": "Portugal",
    "official_name": "Portuguese Republic",
    "capital": "Lisbon",
    "latitude": 38.7169,
    "longitude": -9.1399,
    "region": "Europe",
    "population": 10276617,
    "official_language": "Portuguese",
    "time_zone": "UTC+0",
    "flag": "https://flagcdn.com/w320/pt.png"
  },
  {
    "id": 46,
    "common_name": "Norway",
    "official_name": "Kingdom of Norway",
    "capital": "Oslo",
    "latitude": 59.9139,
    "longitude": 10.7522,
    "region": "Europe",
    "population": 5421241,
    "official_language": "Norwegian",
    "time_zone": "UTC+1",
    "flag": "https://flagcdn.com/w320/no.png"
  },
  {
    "id": 47,
    "common_name": "Israel",
    "official_name": "State of Israel",
    "capital": "Jerusalem",
    "latitude": 31.7683,
    "longitude": 35.2137,
    "region": "Asia",
    "population": 9216900,
    "official_language": "Hebrew",
    "time_zone": "UTC+2",
    "flag": "https://flagcdn.com/w320/il.png"
  },
  {
    "id": 48,
    "common_name": "Hungary",
    "official_name": "Hungary",
    "capital": "Budapest",
    "latitude": 47.4979,
    "longitude": 19.0402,
    "region": "Europe",
    "population": 9660351,
    "official_language": "Hungarian",
    "time_zone": "UTC+1",
    "flag": "https://flagcdn.com/w320/hu.png"
  }
]
